[
    {
        "id":"1",
        "name":"Hyderabad"
    },

    {
        "id":"2",
        "name":"Itanagar"
    },

    {
        "id":"3",
        "name":"Dispur"
    },

    {
        "id":"4",
        "name":"Patna"
    },

    {
        "id":"5",
        "name":"Raipur"
    },

    {
        "id":"6",
        "name":"Panaji"
    },

    {
        "id":"7",
        "name":"Ranchi"
    },


    {
        "id":"8",
        "name":"Bhopal"
    },


    {
        "id":"9",
        "name":"Shillong"
    },


    {
        "id":"10",
        "name":"Chennai"
    },


    {
        "id":"11",
        "name":"Guntur"
    },


    {
        "id":"2",
        "name":"Agartala"
    },


    {
        "id":"2",
        "name":"Lucknow"
    },

    {
        "id":"2",
        "name":"Dehradun"
    },



    {
        "id":"2",
        "name":"Kolkatad"
    },



    {
        "id":"2",
        "name":"Chandigarh"
    },


    {
        "id":"2",
        "name":"Kohima"
    },


    {
        "id":"2",
        "name":"Gangtok"
    },

    {
        "id":"2",
        "name":"East Godavari"
    },

    {
        "id":"2",
        "name":"Chitoor"
    }

]

